,GRE Score,TOEFL Score,University Rating,SOP,LOR,CGPA,Research,Chance of Admit
0,1.8192376200832707,1.7788654480262112,0.7755821414607045,1.137359812025107,1.0989442917575365,1.7768062654040495,1,0.92
1,0.6671483244342793,-0.031600866582255735,0.7755821414607045,0.632315490521951,1.0989442917575365,0.4858594277655778,1,0.76
2,-0.04182970365740776,-0.5253644069300194,-0.09979273603444719,-0.37777315248436066,0.017306209319016337,-0.9540428142157911,1,0.72
3,0.4899038174113575,0.46216267376550796,-0.09979273603444719,0.12727116901879515,-1.0643318731195037,0.15484741811468927,1,0.8
4,-0.2190742106803295,-0.6899522537126073,-0.9751676135295988,-1.3878617954906725,-0.5235128319002437,-0.6064802040823555,0,0.65
5,1.1988818455030446,1.2851019076784473,1.6509570189558562,1.137359812025107,-0.5235128319002437,1.2637376504451696,1,0.9
6,0.4012815638998966,0.29757482698292004,-0.09979273603444719,-0.37777315248436066,0.5581252505382764,-0.6230308045649026,1,0.75
7,-0.7508077317490948,-1.019127947277783,-0.9751676135295988,-0.37777315248436066,0.5581252505382764,-1.1195488190412353,0,0.68
8,-1.2825412528178601,-0.8545401004951951,-1.8505424910247505,-1.3878617954906725,-2.145969955558024,-0.9540428142157911,0,0.5
9,0.5785260709228184,0.13298698020033214,-0.09979273603444719,0.12727116901879515,-0.5235128319002437,0.03899321473687742,0,0.45
10,0.7557705779457401,-0.19618871336484361,-0.09979273603444719,0.12727116901879515,0.5581252505382764,-0.29201879491401106,1,0.52
11,0.9330150849686619,0.6267505205480959,0.7755821414607045,0.632315490521951,1.0989442917575365,0.7010172340386573,1,0.84
12,1.0216373384801227,0.7913383673306837,0.7755821414607045,0.632315490521951,1.0989442917575365,0.8665232388641017,1,0.78
13,-0.8394299852605557,0.29757482698292004,-0.09979273603444719,0.632315490521951,-0.5235128319002437,-0.9540428142157911,1,0.62
14,-0.48494097121471214,-0.5253644069300194,-0.09979273603444719,0.12727116901879515,-1.605150914338764,-0.6230308045649026,1,0.61
15,-0.2190742106803295,-0.36077656014743154,-0.09979273603444719,0.12727116901879515,-1.0643318731195037,-0.4575247997394553,0,0.54
16,0.046792549854053116,-0.031600866582255735,-0.09979273603444719,0.632315490521951,-0.5235128319002437,0.20449921956232167,0,0.66
17,0.22403705687697487,-0.19618871336484361,-0.09979273603444719,0.632315490521951,-0.5235128319002437,-0.9540428142157911,1,0.65
18,0.13541480336551398,0.46216267376550796,-0.09979273603444719,0.632315490521951,-0.5235128319002437,0.37000522438776884,0,0.63
19,-1.1939189993063992,-0.8545401004951951,-0.09979273603444719,0.12727116901879515,-0.5235128319002437,-0.12651279008856683,0,0.62
20,-0.3963187177032513,-0.031600866582255735,-0.09979273603444719,-0.37777315248436066,-1.605150914338764,-1.1195488190412353,1,0.64
21,0.7557705779457401,1.1205140608958595,0.7755821414607045,-0.37777315248436066,-1.605150914338764,-0.29201879491401106,0,0.7
22,1.0216373384801227,1.4496897544610352,1.6509570189558562,1.6424041335282626,1.6397633329767964,1.5285472581658817,1,0.94
23,1.553370859548888,1.943453294808799,1.6509570189558562,1.6424041335282626,1.0989442917575365,1.85955926781677,1,0.95
24,1.7306153665718098,1.943453294808799,1.6509570189558562,0.632315490521951,0.017306209319016337,2.0250652726422174,1,0.97
25,2.0851043806176532,2.1080411415913867,1.6509570189558562,1.137359812025107,1.0989442917575365,1.6940532629913259,1,0.94
26,0.4899038174113575,0.29757482698292004,1.6509570189558562,1.137359812025107,0.017306209319016337,0.37000522438776884,0,0.76
27,-1.6370302668637036,-1.5128914876255468,-0.9751676135295988,-1.8929061169938282,-1.0643318731195037,-1.7815728383430152,1,0.44
28,-1.902897027398086,-2.3358307215384864,-1.8505424910247505,-1.3878617954906725,-1.605150914338764,-2.2780908528193495,0,0.46
29,-0.573563224726173,-1.348303640842959,-0.9751676135295988,-1.8929061169938282,-1.605150914338764,-2.1125848479939053,0,0.54
30,-1.4597857598407817,-1.6774793344081347,-0.9751676135295988,-0.37777315248436066,-0.5235128319002437,-0.7885368093903468,1,0.65
31,0.9330150849686619,-0.6899522537126073,-0.09979273603444719,0.632315490521951,0.5581252505382764,-0.4575247997394553,1,0.74
32,1.9078598735947314,1.7788654480262112,0.7755821414607045,-0.37777315248436066,1.0989442917575365,1.3630412533404372,1,0.91
33,2.0851043806176532,1.1205140608958595,1.6509570189558562,0.632315490521951,0.5581252505382764,1.6940532629913259,1,0.9
34,1.2875040990145055,0.7913383673306837,1.6509570189558562,0.632315490521951,1.6397633329767964,2.0250652726422174,1,0.94
35,0.31265931038843575,0.46216267376550796,1.6509570189558562,1.6424041335282626,1.6397633329767964,1.032029243689546,1,0.88
36,-1.5484080133522427,-0.19618871336484361,-0.9751676135295988,0.632315490521951,0.5581252505382764,-0.29201879491401106,0,0.64
37,-1.4597857598407817,-0.36077656014743154,-1.8505424910247505,-2.397950438496984,-1.605150914338764,-1.285054823866681,0,0.58
38,-1.1052967457949383,-0.36077656014743154,-1.8505424910247505,-0.37777315248436066,-2.145969955558024,-1.7815728383430152,0,0.52
39,-0.8394299852605557,0.13298698020033214,-0.9751676135295988,0.632315490521951,0.017306209319016337,-1.4505608286921252,0,0.48
40,-0.7508077317490948,0.46216267376550796,-0.09979273603444719,0.12727116901879515,-0.5235128319002437,-0.9540428142157911,1,0.46
41,-0.04182970365740776,-0.36077656014743154,-0.9751676135295988,-0.8828174739875165,-1.0643318731195037,-0.6230308045649026,1,0.49
42,-0.30769646419179036,-0.031600866582255735,-0.9751676135295988,-0.8828174739875165,-1.605150914338764,-0.12651279008856683,1,0.53
43,1.3761263525259662,1.614277601243623,0.7755821414607045,1.137359812025107,0.5581252505382764,0.8665232388641017,0,0.87
44,0.844392831457201,0.9559262141132716,1.6509570189558562,1.137359812025107,0.5581252505382764,1.3630412533404372,1,0.91
45,0.4899038174113575,0.46216267376550796,1.6509570189558562,1.6424041335282626,0.5581252505382764,0.8665232388641017,1,0.88
46,1.1102595919915836,1.1205140608958595,1.6509570189558562,0.632315490521951,1.6397633329767964,1.197535248514993,1,0.86
47,1.9964821271061923,1.943453294808799,1.6509570189558562,1.137359812025107,0.5581252505382764,1.85955926781677,0,0.89
48,0.4012815638998966,0.46216267376550796,-0.09979273603444719,0.12727116901879515,1.6397633329767964,0.4527582268004895,1,0.82
49,0.9330150849686619,0.6267505205480959,0.7755821414607045,-0.37777315248436066,0.5581252505382764,-0.29201879491401106,1,0.78
50,-0.30769646419179036,-1.5128914876255468,-0.09979273603444719,-0.8828174739875165,1.0989442917575365,-0.4575247997394553,1,0.76
51,-0.3963187177032513,-1.1837157940603709,-0.9751676135295988,-1.8929061169938282,0.017306209319016337,-1.1195488190412353,1,0.56
52,1.553370859548888,1.4496897544610352,0.7755821414607045,0.632315490521951,-0.5235128319002437,-0.9540428142157911,1,0.78
53,0.6671483244342793,0.7913383673306837,0.7755821414607045,0.632315490521951,-1.0643318731195037,-0.7885368093903468,1,0.72
54,0.4899038174113575,0.46216267376550796,-0.09979273603444719,-0.37777315248436066,0.017306209319016337,-0.9540428142157911,0,0.7
55,0.31265931038843575,-0.6899522537126073,-0.09979273603444719,-0.37777315248436066,-0.5235128319002437,-1.4505608286921252,0,0.64
56,-0.04182970365740776,-0.8545401004951951,-0.09979273603444719,-1.3878617954906725,-0.5235128319002437,-1.9470788431684596,0,0.64
57,-1.6370302668637036,-1.348303640842959,-0.9751676135295988,0.632315490521951,-1.605150914338764,-1.616066833517571,0,0.46
58,-1.4597857598407817,-1.348303640842959,-1.8505424910247505,-0.37777315248436066,-1.605150914338764,-2.9401148721211294,1,0.36
59,-0.48494097121471214,-0.5253644069300194,-0.9751676135295988,-1.3878617954906725,-1.605150914338764,-0.4575247997394553,0,0.42
60,-0.6621854782376339,-1.1837157940603709,-0.9751676135295988,-0.37777315248436066,-0.5235128319002437,-0.7885368093903468,0,0.48
61,-0.8394299852605557,-1.019127947277783,-0.09979273603444719,0.632315490521951,-0.5235128319002437,-0.6230308045649026,0,0.47
62,-1.1052967457949383,-0.36077656014743154,-0.9751676135295988,-0.37777315248436066,-0.5235128319002437,-0.6230308045649026,1,0.54
63,-0.13045195716886865,-0.031600866582255735,-0.9751676135295988,0.632315490521951,-0.5235128319002437,-0.12651279008856683,1,0.56
64,0.7557705779457401,0.6267505205480959,-0.09979273603444719,-0.37777315248436066,0.017306209319016337,0.20449921956232167,0,0.52
65,0.7557705779457401,0.7913383673306837,0.7755821414607045,0.12727116901879515,0.017306209319016337,0.5686124301783013,0,0.55
66,0.9330150849686619,1.1205140608958595,-0.09979273603444719,-0.37777315248436066,-0.5235128319002437,0.7341184350037456,0,0.61
67,-0.04182970365740776,-0.031600866582255735,-0.9751676135295988,0.12727116901879515,0.017306209319016337,0.10519561666705689,1,0.57
68,0.13541480336551398,0.29757482698292004,-0.09979273603444719,0.12727116901879515,0.5581252505382764,1.065130444654637,1,0.68
69,1.0216373384801227,1.2851019076784473,0.7755821414607045,1.137359812025107,0.5581252505382764,0.9658268417593694,1,0.78
70,1.3761263525259662,1.7788654480262112,1.6509570189558562,1.6424041335282626,1.6397633329767964,1.7602556649215053,1,0.94
71,1.7306153665718098,0.7913383673306837,1.6509570189558562,1.6424041335282626,1.6397633329767964,1.9588628707120377,1,0.96
72,0.4012815638998966,0.6267505205480959,1.6509570189558562,1.6424041335282626,1.6397633329767964,1.445794255753158,1,0.93
73,-0.2190742106803295,0.13298698020033214,0.7755821414607045,1.137359812025107,0.5581252505382764,0.7672196359688339,1,0.84
74,-0.2190742106803295,-0.19618871336484361,-0.09979273603444719,-0.37777315248436066,1.6397633329767964,0.5355112292132131,0,0.74
75,1.1102595919915836,1.1205140608958595,-0.9751676135295988,-1.3878617954906725,0.5581252505382764,-0.027209187193299105,1,0.72
76,0.9330150849686619,0.7913383673306837,-0.09979273603444719,-0.37777315248436066,-0.5235128319002437,0.23760042052741287,1,0.74
77,-1.3711635063293208,-1.348303640842959,-0.9751676135295988,-0.37777315248436066,-1.605150914338764,-0.5899296035998113,0,0.64
78,-1.8142747738866254,-2.00665502797331,-0.9751676135295988,-0.37777315248436066,-1.605150914338764,-1.7153704364128373,1,0.44
79,-1.991519280909547,-2.3358307215384864,-1.8505424910247505,-1.8929061169938282,-1.605150914338764,-2.0132812450986375,0,0.46
80,-0.3963187177032513,-0.36077656014743154,-0.09979273603444719,-1.3878617954906725,-0.5235128319002437,-0.9209416132507028,1,0.5
81,2.0851043806176532,2.1080411415913867,0.7755821414607045,1.6424041335282626,1.6397633329767964,1.5285472581658817,1,0.96
82,0.31265931038843575,0.46216267376550796,1.6509570189558562,1.6424041335282626,1.0989442917575365,1.065130444654637,1,0.92
83,0.4899038174113575,1.2851019076784473,1.6509570189558562,0.632315490521951,1.0989442917575365,1.2968388514102578,1,0.92
84,2.0851043806176532,1.2851019076784473,1.6509570189558562,1.137359812025107,1.0989442917575365,1.445794255753158,1,0.94
85,0.22403705687697487,-0.6899522537126073,0.7755821414607045,1.137359812025107,0.017306209319016337,0.13829681763214516,0,0.76
86,-0.13045195716886865,-0.19618871336484361,-0.09979273603444719,1.137359812025107,0.017306209319016337,-0.25891759394892283,0,0.72
87,0.046792549854053116,-0.031600866582255735,-0.9751676135295988,0.12727116901879515,-0.5235128319002437,-0.49062600070454654,0,0.66
88,-0.2190742106803295,0.13298698020033214,-0.09979273603444719,1.137359812025107,0.017306209319016337,-0.7223344074601673,0,0.64
89,-0.04182970365740776,0.29757482698292004,0.7755821414607045,1.137359812025107,0.017306209319016337,0.3038028224575894,1,0.74
90,0.13541480336551398,-0.19618871336484361,-0.9751676135295988,0.632315490521951,0.5581252505382764,-1.086447618076147,1,0.64
91,-1.5484080133522427,-1.6774793344081347,-0.09979273603444719,1.6424041335282626,0.017306209319016337,-1.5167632306223033,0,0.38
92,-1.6370302668637036,-1.5128914876255468,-0.9751676135295988,0.632315490521951,-0.5235128319002437,-0.9043910127681586,0,0.34
93,-1.3711635063293208,-1.6774793344081347,-0.9751676135295988,-0.37777315248436066,-0.5235128319002437,-1.152650020006325,1,0.44
94,-1.1939189993063992,-1.348303640842959,-0.09979273603444719,-1.3878617954906725,-1.0643318731195037,-1.5167632306223033,0,0.36
95,-1.1052967457949383,-1.1837157940603709,0.7755821414607045,-1.8929061169938282,-1.0643318731195037,-1.218852421936503,0,0.42
96,-0.9280522387720165,-1.1837157940603709,-0.9751676135295988,-0.37777315248436066,-0.5235128319002437,-0.9540428142157911,0,0.48
97,1.2875040990145055,2.1080411415913867,-0.09979273603444719,0.632315490521951,0.5581252505382764,0.6348148321084809,1,0.86
98,1.3761263525259662,1.943453294808799,0.7755821414607045,1.6424041335282626,1.0989442917575365,1.0982316456197254,1,0.9
99,0.5785260709228184,0.9559262141132716,-0.09979273603444719,0.632315490521951,0.5581252505382764,0.5024100282481249,1,0.79
100,0.4899038174113575,-0.031600866582255735,-0.09979273603444719,0.12727116901879515,0.017306209319016337,-0.19271519201874335,1,0.71
101,-0.3963187177032513,-0.36077656014743154,-0.9751676135295988,-0.8828174739875165,-0.5235128319002437,-0.7554356084252585,0,0.64
102,-0.2190742106803295,-0.19618871336484361,-0.9751676135295988,0.632315490521951,0.017306209319016337,-0.5402778021521789,0,0.62
103,0.046792549854053116,-0.5253644069300194,-0.9751676135295988,1.137359812025107,0.5581252505382764,-0.17616459153619923,0,0.57
104,0.844392831457201,0.7913383673306837,-0.09979273603444719,0.12727116901879515,-0.5235128319002437,0.783770236451381,1,0.74
105,-0.04182970365740776,0.46216267376550796,-0.09979273603444719,0.632315490521951,1.0989442917575365,0.33690402342267767,1,0.69
106,1.1102595919915836,0.6267505205480959,0.7755821414607045,1.137359812025107,1.0989442917575365,0.9989280427244576,1,0.87
107,1.9078598735947314,1.614277601243623,0.7755821414607045,0.12727116901879515,1.0989442917575365,1.462344856235705,1,0.91
108,1.2875040990145055,1.4496897544610352,1.6509570189558562,1.6424041335282626,1.6397633329767964,1.329940052375349,1,0.93
109,-1.1052967457949383,-0.6899522537126073,1.6509570189558562,1.6424041335282626,0.5581252505382764,0.10519561666705689,0,0.68
110,-1.0166744922834774,0.13298698020033214,1.6509570189558562,-0.37777315248436066,-0.5235128319002437,-0.1596139910536551,0,0.61
111,0.4012815638998966,0.29757482698292004,0.7755821414607045,0.632315490521951,0.5581252505382764,0.17139801859723341,1,0.69
112,-1.3711635063293208,-0.031600866582255735,-0.09979273603444719,0.12727116901879515,0.017306209319016337,-0.3913223978092788,1,0.62
113,0.31265931038843575,0.46216267376550796,-0.9751676135295988,0.632315490521951,0.017306209319016337,-0.027209187193299105,0,0.72
114,-0.48494097121471214,-0.36077656014743154,-0.09979273603444719,0.12727116901879515,-0.5235128319002437,-0.20926579250129043,1,0.59
115,-0.573563224726173,-0.19618871336484361,0.7755821414607045,1.137359812025107,1.0989442917575365,0.7672196359688339,1,0.66
116,-1.5484080133522427,-0.8545401004951951,-0.09979273603444719,0.632315490521951,0.017306209319016337,0.07209441570196568,0,0.56
117,-2.3460082949553906,-0.5253644069300194,0.7755821414607045,-1.3878617954906725,-1.0643318731195037,-1.8477752402731933,0,0.45
118,-1.8142747738866254,-1.348303640842959,-0.9751676135295988,-0.37777315248436066,0.017306209319016337,-2.1456860489589933,0,0.47
119,0.9330150849686619,-0.5253644069300194,1.6509570189558562,-0.37777315248436066,0.017306209319016337,0.4362076263179454,1,0.71
120,1.641993113060349,1.614277601243623,1.6509570189558562,1.6424041335282626,1.6397633329767964,1.6278508610611493,1,0.94
121,1.553370859548888,1.943453294808799,1.6509570189558562,1.137359812025107,1.0989442917575365,1.4954460572007933,1,0.94
122,-0.573563224726173,-0.19618871336484361,0.7755821414607045,-1.8929061169938282,-1.0643318731195037,-0.35822119684419057,0,0.57
123,-0.7508077317490948,0.13298698020033214,-0.09979273603444719,0.12727116901879515,0.017306209319016337,-0.5899296035998113,0,0.61
124,-1.3711635063293208,-0.19618871336484361,0.7755821414607045,-0.8828174739875165,-0.5235128319002437,-0.17616459153619923,0,0.57
125,-1.4597857598407817,-1.1837157940603709,-0.09979273603444719,-1.3878617954906725,-0.5235128319002437,0.13829681763214516,1,0.64
126,0.5785260709228184,0.9559262141132716,-0.09979273603444719,0.632315490521951,-0.5235128319002437,1.2306364494800812,1,0.85
127,0.22403705687697487,0.7913383673306837,-0.09979273603444719,-0.8828174739875165,-1.605150914338764,0.22104982004486873,1,0.78
128,0.844392831457201,0.7913383673306837,-0.09979273603444719,0.12727116901879515,-0.5235128319002437,0.8665232388641017,1,0.84
129,1.464748606037427,1.7788654480262112,1.6509570189558562,1.6424041335282626,1.6397633329767964,1.2802882509277138,1,0.92
130,1.9964821271061923,1.1205140608958595,1.6509570189558562,0.632315490521951,1.0989442917575365,1.9588628707120377,1,0.96
131,-1.1939189993063992,-0.36077656014743154,1.6509570189558562,1.6424041335282626,1.0989442917575365,0.12174621714960102,0,0.77
132,-0.6621854782376339,-0.36077656014743154,1.6509570189558562,0.12727116901879515,0.017306209319016337,-0.027209187193299105,0,0.71
133,0.5785260709228184,0.7913383673306837,1.6509570189558562,0.632315490521951,1.0989442917575365,0.33690402342267767,0,0.79
134,1.464748606037427,0.9559262141132716,1.6509570189558562,0.632315490521951,0.5581252505382764,1.1644340475499018,1,0.89
135,-0.2190742106803295,0.29757482698292004,0.7755821414607045,0.12727116901879515,0.5581252505382764,0.3203534229401335,1,0.82
136,-0.3963187177032513,-0.6899522537126073,-0.09979273603444719,1.6424041335282626,0.5581252505382764,-0.20926579250129043,0,0.76
137,-0.04182970365740776,-1.1837157940603709,-0.9751676135295988,-1.8929061169938282,-0.5235128319002437,-0.689233206495079,1,0.71
138,0.844392831457201,1.4496897544610352,-0.9751676135295988,1.137359812025107,-0.5235128319002437,0.8334220378990134,1,0.8
139,0.13541480336551398,0.29757482698292004,-1.8505424910247505,0.12727116901879515,0.017306209319016337,0.8996244398291898,0,0.78
140,1.1102595919915836,0.46216267376550796,-0.9751676135295988,0.632315490521951,-0.5235128319002437,0.9492762412768252,1,0.84
141,1.3761263525259662,1.7788654480262112,-0.9751676135295988,1.137359812025107,0.017306209319016337,1.2968388514102578,1,0.9
142,1.2875040990145055,1.2851019076784473,1.6509570189558562,0.632315490521951,0.017306209319016337,1.4292436552706138,1,0.92
143,2.0851043806176532,2.1080411415913867,0.7755821414607045,1.137359812025107,0.5581252505382764,2.22367247843275,1,0.97
144,0.7557705779457401,0.7913383673306837,-0.9751676135295988,-0.37777315248436066,0.017306209319016337,0.6348148321084809,1,0.8
145,0.31265931038843575,0.9559262141132716,-0.9751676135295988,-1.3878617954906725,-1.0643318731195037,0.10519561666705689,1,0.81
146,-0.13045195716886865,-0.36077656014743154,-0.09979273603444719,-1.3878617954906725,-1.0643318731195037,-0.1596139910536551,0,0.75
147,0.844392831457201,1.1205140608958595,-0.09979273603444719,-0.37777315248436066,-0.5235128319002437,0.8830738393466457,1,0.83
148,1.9964821271061923,1.4496897544610352,0.7755821414607045,0.632315490521951,0.017306209319016337,2.0250652726422174,1,0.96
149,-0.48494097121471214,-0.19618871336484361,-0.9751676135295988,0.12727116901879515,-0.5235128319002437,-0.5237272016696348,1,0.79
150,1.553370859548888,1.1205140608958595,0.7755821414607045,0.632315490521951,0.5581252505382764,1.4126930547880696,1,0.93
151,1.3761263525259662,1.4496897544610352,1.6509570189558562,1.6424041335282626,1.6397633329767964,1.1644340475499018,1,0.94
152,0.4012815638998966,0.7913383673306837,1.6509570189558562,1.6424041335282626,1.6397633329767964,0.8003208369339251,1,0.86
153,0.6671483244342793,-0.36077656014743154,-0.09979273603444719,-0.37777315248436066,0.5581252505382764,0.28725222197504524,0,0.79
154,0.844392831457201,0.13298698020033214,-0.09979273603444719,-0.37777315248436066,0.017306209319016337,0.518960628730669,0,0.8
155,-0.3963187177032513,0.29757482698292004,-0.09979273603444719,-0.37777315248436066,-0.5235128319002437,0.18794861907977753,0,0.77
156,-0.13045195716886865,-0.36077656014743154,-0.09979273603444719,-1.3878617954906725,-1.0643318731195037,-0.3913223978092788,0,0.7
157,-0.6621854782376339,-0.5253644069300194,-0.9751676135295988,-1.3878617954906725,-1.0643318731195037,-0.5237272016696348,0,0.65
158,-0.9280522387720165,-0.19618871336484361,-0.9751676135295988,-1.3878617954906725,-1.0643318731195037,-0.7223344074601673,0,0.61
159,-1.7256525203751645,-1.1837157940603709,-1.8505424910247505,-1.8929061169938282,-1.605150914338764,-1.1195488190412353,0,0.52
160,-0.13045195716886865,-0.6899522537126073,-1.8505424910247505,-1.8929061169938282,-1.605150914338764,-1.1857512209714132,0,0.57
161,-1.6370302668637036,-1.348303640842959,-1.8505424910247505,-1.8929061169938282,-0.5235128319002437,-1.8477752402731933,0,0.53
162,0.13541480336551398,0.29757482698292004,-0.09979273603444719,-0.37777315248436066,-0.5235128319002437,-0.12651279008856683,0,0.67
163,0.046792549854053116,-0.36077656014743154,-0.09979273603444719,0.12727116901879515,-0.5235128319002437,-0.027209187193299105,0,0.68
164,1.1102595919915836,0.6267505205480959,0.7755821414607045,1.137359812025107,0.5581252505382764,0.7175678345212015,1,0.81
165,0.4899038174113575,0.46216267376550796,1.6509570189558562,1.137359812025107,0.5581252505382764,0.651365432591025,0,0.78
166,-1.2825412528178601,-0.8545401004951951,-0.09979273603444719,0.12727116901879515,1.6397633329767964,-0.40787299829182294,0,0.65
167,-0.30769646419179036,-0.8545401004951951,-0.09979273603444719,-1.3878617954906725,-0.5235128319002437,-0.5071766011870906,0,0.64
168,-2.080141534421008,-1.6774793344081347,-0.9751676135295988,-1.3878617954906725,0.5581252505382764,-1.285054823866681,1,0.64
169,-0.48494097121471214,-1.348303640842959,-0.9751676135295988,-0.8828174739875165,-0.5235128319002437,-0.9871440151808792,0,0.65
170,-0.3963187177032513,-1.019127947277783,-0.9751676135295988,-0.8828174739875165,0.017306209319016337,-0.8878404122856145,1,0.68
171,1.553370859548888,1.614277601243623,1.6509570189558562,0.632315490521951,1.0989442917575365,0.8168714374164692,1,0.89
172,0.4899038174113575,0.46216267376550796,0.7755821414607045,0.632315490521951,1.6397633329767964,0.9161750403117369,1,0.86
173,0.5785260709228184,0.9559262141132716,0.7755821414607045,0.632315490521951,1.0989442917575365,1.0816810451371812,1,0.89
174,0.4012815638998966,0.6267505205480959,0.7755821414607045,0.632315490521951,0.5581252505382764,0.651365432591025,1,0.87
175,0.31265931038843575,0.6267505205480959,0.7755821414607045,1.137359812025107,0.017306209319016337,0.4858594277655778,1,0.85
176,1.1102595919915836,1.943453294808799,0.7755821414607045,1.137359812025107,1.0989442917575365,0.9658268417593694,1,0.9
177,0.22403705687697487,0.46216267376550796,-0.09979273603444719,0.12727116901879515,0.017306209319016337,0.7672196359688339,0,0.82
178,-0.6621854782376339,0.13298698020033214,-0.09979273603444719,-0.8828174739875165,-0.5235128319002437,-0.7554356084252585,0,0.72
179,-0.8394299852605557,-0.8545401004951951,-0.09979273603444719,-0.37777315248436066,-0.5235128319002437,-0.5071766011870906,0,0.73
180,-1.4597857598407817,-0.5253644069300194,-0.09979273603444719,0.12727116901879515,-0.5235128319002437,-0.689233206495079,0,0.71
181,-1.0166744922834774,-0.031600866582255735,-0.9751676135295988,-0.8828174739875165,-1.0643318731195037,-0.25891759394892283,0,0.71
182,-1.5484080133522427,-1.1837157940603709,-0.9751676135295988,-0.37777315248436066,0.017306209319016337,-1.152650020006325,0,0.68
183,-0.2190742106803295,0.46216267376550796,-0.09979273603444719,0.632315490521951,0.5581252505382764,0.37000522438776884,0,0.75
184,-0.04182970365740776,-0.19618871336484361,-0.9751676135295988,-0.8828174739875165,0.5581252505382764,-0.4244235987743671,0,0.72
185,0.9330150849686619,0.9559262141132716,0.7755821414607045,1.137359812025107,1.0989442917575365,0.8830738393466457,1,0.89
186,0.046792549854053116,-0.031600866582255735,-0.09979273603444719,0.12727116901879515,-0.5235128319002437,0.17139801859723341,1,0.84
187,1.641993113060349,1.7788654480262112,1.6509570189558562,1.137359812025107,0.017306209319016337,1.4292436552706138,1,0.93
188,1.2875040990145055,1.2851019076784473,1.6509570189558562,1.137359812025107,0.017306209319016337,1.2968388514102578,1,0.93
189,0.6671483244342793,0.7913383673306837,1.6509570189558562,1.6424041335282626,1.6397633329767964,0.8334220378990134,1,0.88
190,0.6671483244342793,0.6267505205480959,1.6509570189558562,1.137359812025107,0.5581252505382764,0.9658268417593694,1,0.9
191,0.5785260709228184,0.46216267376550796,1.6509570189558562,0.632315490521951,1.6397633329767964,0.6679160330735691,1,0.87
192,0.4899038174113575,1.1205140608958595,1.6509570189558562,1.137359812025107,0.5581252505382764,0.6017136311433896,1,0.86
193,1.7306153665718098,1.7788654480262112,1.6509570189558562,1.137359812025107,1.6397633329767964,1.578199059613514,1,0.94
194,-0.04182970365740776,0.29757482698292004,-0.09979273603444719,0.12727116901879515,-0.5235128319002437,0.3038028224575894,0,0.77
195,-0.8394299852605557,-0.031600866582255735,-0.9751676135295988,-0.37777315248436066,0.017306209319016337,-0.09341158912347856,1,0.78
196,-0.9280522387720165,-0.36077656014743154,-0.9751676135295988,-0.37777315248436066,-1.0643318731195037,-0.5237272016696348,0,0.73
197,-0.573563224726173,-0.19618871336484361,-0.9751676135295988,0.12727116901879515,-1.0643318731195037,-0.40787299829182294,0,0.73
198,-0.48494097121471214,-0.5253644069300194,-0.09979273603444719,1.137359812025107,1.0989442917575365,-0.2423669934663787,0,0.7
199,-0.30769646419179036,-0.031600866582255735,-0.09979273603444719,0.632315490521951,1.0989442917575365,0.18794861907977753,0,0.72
200,0.046792549854053116,-0.6899522537126073,-0.09979273603444719,-0.8828174739875165,-0.5235128319002437,-0.06031038815839031,1,0.73
201,-0.13045195716886865,0.46216267376550796,-0.9751676135295988,0.12727116901879515,-0.5235128319002437,-0.19271519201874335,1,0.72
202,2.0851043806176532,2.1080411415913867,1.6509570189558562,1.137359812025107,1.0989442917575365,2.2071218779502058,1,0.97
203,1.553370859548888,2.1080411415913867,1.6509570189558562,0.632315490521951,1.6397633329767964,2.1409194760200263,1,0.97
204,-1.6370302668637036,-0.36077656014743154,-0.09979273603444719,0.12727116901879515,0.5581252505382764,-0.06031038815839031,0,0.69
205,-1.902897027398086,-1.348303640842959,-0.9751676135295988,-0.8828174739875165,-0.5235128319002437,-1.5333138311048473,0,0.57
206,-0.13045195716886865,-1.348303640842959,-0.9751676135295988,0.12727116901879515,-0.5235128319002437,-1.1360994195237808,0,0.63
207,-0.573563224726173,-0.8545401004951951,-0.09979273603444719,0.12727116901879515,0.5581252505382764,-0.9209416132507028,1,0.66
208,-1.0166744922834774,-0.19618871336484361,-0.9751676135295988,-0.37777315248436066,-0.5235128319002437,-0.689233206495079,0,0.64
209,-1.3711635063293208,-0.5253644069300194,-0.09979273603444719,0.12727116901879515,0.5581252505382764,-0.7554356084252585,1,0.68
210,0.7557705779457401,0.13298698020033214,0.7755821414607045,1.137359812025107,0.5581252505382764,0.8003208369339251,1,0.79
211,1.0216373384801227,0.46216267376550796,0.7755821414607045,1.6424041335282626,0.5581252505382764,0.9327256407942811,1,0.82
212,1.9078598735947314,2.1080411415913867,0.7755821414607045,1.6424041335282626,1.6397633329767964,1.7933568658865935,1,0.95
213,1.464748606037427,1.943453294808799,1.6509570189558562,1.6424041335282626,1.0989442917575365,1.991964071677126,1,0.96
214,1.2875040990145055,1.614277601243623,0.7755821414607045,1.137359812025107,1.6397633329767964,1.3961424543055256,1,0.94
215,1.1988818455030446,1.4496897544610352,1.6509570189558562,1.6424041335282626,1.0989442917575365,1.2968388514102578,1,0.93
216,0.4899038174113575,0.7913383673306837,0.7755821414607045,1.137359812025107,1.0989442917575365,1.1313328465848136,1,0.91
217,0.4012815638998966,0.29757482698292004,0.7755821414607045,0.632315490521951,0.5581252505382764,0.9161750403117369,1,0.85
218,0.6671483244342793,0.46216267376550796,0.7755821414607045,-0.37777315248436066,0.017306209319016337,0.651365432591025,1,0.84
219,-0.3963187177032513,-0.5253644069300194,-0.09979273603444719,0.12727116901879515,0.017306209319016337,-0.25891759394892283,0,0.74
220,-0.30769646419179036,-0.6899522537126073,-0.09979273603444719,0.632315490521951,0.5581252505382764,0.28725222197504524,0,0.76
221,-0.04182970365740776,0.46216267376550796,-0.09979273603444719,0.12727116901879515,0.5581252505382764,-0.027209187193299105,0,0.75
222,0.6671483244342793,0.9559262141132716,0.7755821414607045,1.137359812025107,0.5581252505382764,0.3534546239052218,0,0.76
223,-0.7508077317490948,0.29757482698292004,-0.9751676135295988,-0.37777315248436066,0.5581252505382764,-0.20926579250129043,0,0.71
224,-1.0166744922834774,-0.36077656014743154,-0.9751676135295988,-0.37777315248436066,-1.605150914338764,-0.5733790031172672,0,0.67
225,-1.8142747738866254,-1.348303640842959,-0.9751676135295988,-0.8828174739875165,-1.0643318731195037,-0.9043910127681586,0,0.61
226,-0.9280522387720165,0.46216267376550796,-0.9751676135295988,0.12727116901879515,0.5581252505382764,-0.20926579250129043,0,0.63
227,-0.3963187177032513,0.46216267376550796,-0.9751676135295988,0.12727116901879515,-0.5235128319002437,-0.07686098864093444,0,0.64
228,0.13541480336551398,0.7913383673306837,-0.09979273603444719,0.632315490521951,0.017306209319016337,0.15484741811468927,0,0.71
229,0.6671483244342793,0.6267505205480959,0.7755821414607045,-0.37777315248436066,-0.5235128319002437,0.7175678345212015,1,0.82
230,-0.30769646419179036,-0.5253644069300194,-0.09979273603444719,0.632315490521951,1.0989442917575365,0.12174621714960102,0,0.73
231,0.22403705687697487,-0.19618871336484361,-0.09979273603444719,0.12727116901879515,-1.0643318731195037,-0.40787299829182294,1,0.74
232,-0.3963187177032513,-0.031600866582255735,-0.9751676135295988,-0.8828174739875165,0.017306209319016337,-0.5071766011870906,0,0.69
233,-1.1052967457949383,-1.1837157940603709,-0.9751676135295988,-0.8828174739875165,0.017306209319016337,-0.8381886108379791,0,0.64
234,1.1988818455030446,0.9559262141132716,1.6509570189558562,1.6424041335282626,0.5581252505382764,1.2140858489975372,1,0.91
235,0.844392831457201,0.6267505205480959,1.6509570189558562,1.137359812025107,0.5581252505382764,1.0816810451371812,1,0.88
236,0.7557705779457401,0.7913383673306837,0.7755821414607045,0.632315490521951,1.0989442917575365,0.9823774422419135,1,0.85
237,1.1102595919915836,1.1205140608958595,1.6509570189558562,1.137359812025107,1.6397633329767964,1.0154786432070018,1,0.86
238,-0.573563224726173,-0.5253644069300194,-0.09979273603444719,-1.3878617954906725,0.017306209319016337,-0.34167059636164643,0,0.7
239,-1.5484080133522427,-1.1837157940603709,-1.8505424910247505,-1.8929061169938282,-1.605150914338764,-1.1360994195237808,0,0.59
240,-1.8142747738866254,-1.019127947277783,-1.8505424910247505,-0.8828174739875165,-0.5235128319002437,-1.483662029657215,0,0.6
241,0.046792549854053116,-0.6899522537126073,-0.9751676135295988,-0.8828174739875165,-1.605150914338764,-0.7057838069776232,0,0.65
242,0.6671483244342793,1.2851019076784473,-0.09979273603444719,0.12727116901879515,-0.5235128319002437,0.3038028224575894,1,0.7
243,0.7557705779457401,1.1205140608958595,-0.09979273603444719,0.12727116901879515,-0.5235128319002437,0.7672196359688339,1,0.76
244,-0.2190742106803295,-0.031600866582255735,-0.9751676135295988,-0.8828174739875165,0.5581252505382764,-0.027209187193299105,0,0.63
245,1.0216373384801227,0.46216267376550796,0.7755821414607045,0.632315490521951,-1.0643318731195037,0.7341184350037456,1,0.81
246,-0.04182970365740776,-0.36077656014743154,-0.09979273603444719,-0.37777315248436066,0.017306209319016337,0.254151021009957,0,0.72
247,-0.48494097121471214,-0.5253644069300194,-0.9751676135295988,-0.8828174739875165,0.017306209319016337,-0.1596139910536551,0,0.71
248,0.6671483244342793,0.46216267376550796,-0.09979273603444719,0.12727116901879515,0.5581252505382764,0.4858594277655778,1,0.8
249,0.4012815638998966,0.6267505205480959,-0.09979273603444719,0.12727116901879515,0.5581252505382764,0.41965702583540127,1,0.77
250,0.31265931038843575,-0.5253644069300194,-0.09979273603444719,-0.37777315248436066,-1.0643318731195037,-0.010658586710754975,1,0.74
251,-0.04182970365740776,-1.348303640842959,-0.9751676135295988,-0.8828174739875165,-0.5235128319002437,0.7010172340386573,0,0.7
252,0.13541480336551398,-1.1837157940603709,-0.9751676135295988,-0.8828174739875165,0.017306209319016337,-0.06031038815839031,1,0.71
253,1.641993113060349,1.2851019076784473,0.7755821414607045,1.137359812025107,1.0989442917575365,1.8264580668516819,1,0.93
254,0.4012815638998966,1.1205140608958595,0.7755821414607045,0.632315490521951,1.6397633329767964,0.8996244398291898,0,0.85
255,-0.8394299852605557,0.46216267376550796,0.7755821414607045,0.632315490521951,1.0989442917575365,-0.34167059636164643,0,0.79
256,-0.6621854782376339,-1.348303640842959,-0.09979273603444719,0.632315490521951,0.5581252505382764,-0.027209187193299105,0,0.76
257,0.6671483244342793,-1.1837157940603709,-0.09979273603444719,0.632315490521951,1.6397633329767964,0.10519561666705689,1,0.78
258,0.844392831457201,-0.8545401004951951,0.7755821414607045,1.6424041335282626,1.6397633329767964,0.3038028224575894,1,0.77
259,1.2875040990145055,1.943453294808799,0.7755821414607045,1.6424041335282626,1.0989442917575365,1.2637376504451696,1,0.9
260,0.9330150849686619,0.13298698020033214,1.6509570189558562,1.6424041335282626,0.017306209319016337,0.9161750403117369,1,0.87
261,-0.3963187177032513,-0.5253644069300194,-0.09979273603444719,0.12727116901879515,0.5581252505382764,-0.805087409872891,0,0.71
262,-0.7508077317490948,-0.6899522537126073,-0.9751676135295988,-0.8828174739875165,0.5581252505382764,-0.35822119684419057,1,0.7
263,0.6671483244342793,0.6267505205480959,-0.09979273603444719,-0.8828174739875165,-2.145969955558024,0.3534546239052218,1,0.7
264,0.7557705779457401,0.46216267376550796,-0.9751676135295988,-0.37777315248436066,-1.0643318731195037,0.3038028224575894,1,0.75
265,-0.30769646419179036,-0.8545401004951951,-0.09979273603444719,-0.8828174739875165,-1.0643318731195037,0.17139801859723341,0,0.71
266,-0.3963187177032513,-0.36077656014743154,-0.9751676135295988,-1.3878617954906725,-1.0643318731195037,-0.20926579250129043,0,0.72
267,-0.2190742106803295,-0.031600866582255735,-0.09979273603444719,-0.37777315248436066,0.017306209319016337,-0.6726826060125349,1,0.73
268,0.9330150849686619,0.9559262141132716,0.7755821414607045,1.137359812025107,1.6397633329767964,0.9327256407942811,0,0.83
269,-0.7508077317490948,0.13298698020033214,0.7755821414607045,1.137359812025107,1.6397633329767964,-0.3913223978092788,0,0.77
270,-0.9280522387720165,-0.36077656014743154,-0.9751676135295988,-0.8828174739875165,-0.5235128319002437,-0.5899296035998113,1,0.72
271,-1.5484080133522427,-1.8420671811907225,-0.9751676135295988,-1.8929061169938282,-1.605150914338764,-1.1857512209714132,0,0.54
272,-1.991519280909547,-2.00665502797331,-1.8505424910247505,-1.8929061169938282,-2.145969955558024,-1.549864431587393,0,0.49
273,-0.3963187177032513,-1.348303640842959,-1.8505424910247505,-2.397950438496984,-2.145969955558024,-0.9374922137332469,1,0.52
274,-0.13045195716886865,-1.1837157940603709,-1.8505424910247505,-1.3878617954906725,-1.0643318731195037,-1.0367958166285132,0,0.58
275,0.4899038174113575,0.46216267376550796,-0.09979273603444719,0.12727116901879515,-0.5235128319002437,0.6348148321084809,1,0.78
276,1.1102595919915836,0.9559262141132716,1.6509570189558562,1.6424041335282626,1.0989442917575365,1.445794255753158,1,0.89
277,0.31265931038843575,-1.019127947277783,-0.9751676135295988,-0.8828174739875165,-0.5235128319002437,0.07209441570196568,0,0.7
278,-0.7508077317490948,-0.6899522537126073,-0.9751676135295988,-0.37777315248436066,0.017306209319016337,-0.14306339057111098,0,0.66
279,-1.1052967457949383,-0.8545401004951951,-0.9751676135295988,-0.37777315248436066,0.5581252505382764,0.254151021009957,0,0.67
280,-0.48494097121471214,-0.8545401004951951,-0.09979273603444719,1.137359812025107,0.5581252505382764,0.10519561666705689,1,0.68
281,0.046792549854053116,0.46216267376550796,-0.09979273603444719,0.632315490521951,1.0989442917575365,0.8830738393466457,1,0.8
282,-0.3963187177032513,-0.19618871336484361,-0.09979273603444719,0.632315490521951,0.017306209319016337,0.3534546239052218,1,0.81
283,0.4012815638998966,0.6267505205480959,-0.09979273603444719,-0.8828174739875165,-0.5235128319002437,0.5355112292132131,1,0.8
284,2.0851043806176532,0.7913383673306837,0.7755821414607045,1.6424041335282626,1.0989442917575365,1.7933568658865935,1,0.94
285,1.2875040990145055,1.4496897544610352,1.6509570189558562,0.632315490521951,0.5581252505382764,1.1313328465848136,1,0.93
286,1.7306153665718098,1.7788654480262112,1.6509570189558562,1.137359812025107,0.5581252505382764,1.0154786432070018,1,0.92
287,0.6671483244342793,1.1205140608958595,1.6509570189558562,1.6424041335282626,1.0989442917575365,0.8334220378990134,1,0.89
288,-0.2190742106803295,-0.5253644069300194,0.7755821414607045,1.6424041335282626,1.6397633329767964,0.7341184350037456,0,0.82
289,-0.30769646419179036,0.29757482698292004,-0.09979273603444719,0.632315490521951,0.017306209319016337,0.7010172340386573,0,0.79
290,-0.8394299852605557,-0.36077656014743154,-0.9751676135295988,-0.8828174739875165,-0.5235128319002437,-1.5333138311048473,0,0.58
291,-1.4597857598407817,-0.8545401004951951,-0.9751676135295988,-1.8929061169938282,-1.605150914338764,-1.1692006204888692,0,0.56
292,-1.2825412528178601,-1.348303640842959,-0.9751676135295988,-2.397950438496984,-1.605150914338764,-1.003694615663425,0,0.56
293,-0.3963187177032513,-1.5128914876255468,-1.8505424910247505,0.12727116901879515,-0.5235128319002437,-0.6561320055299907,1,0.64
294,-0.04182970365740776,-1.019127947277783,-0.9751676135295988,-0.8828174739875165,-1.605150914338764,-0.4244235987743671,1,0.61
295,0.046792549854053116,-1.1837157940603709,-0.9751676135295988,-0.37777315248436066,-1.0643318731195037,-0.010658586710754975,0,0.68
296,-0.573563224726173,-0.031600866582255735,-0.09979273603444719,0.12727116901879515,0.017306209319016337,0.15484741811468927,0,0.76
297,0.31265931038843575,2.1080411415913867,-0.09979273603444719,0.632315490521951,1.0989442917575365,0.8830738393466457,0,0.86
298,1.1988818455030446,1.1205140608958595,-0.09979273603444719,1.137359812025107,1.0989442917575365,1.0982316456197254,1,0.9
299,-1.0166744922834774,0.7913383673306837,-0.09979273603444719,-0.37777315248436066,0.017306209319016337,0.12174621714960102,0,0.71
300,-0.6621854782376339,-0.19618871336484361,-0.9751676135295988,-0.8828174739875165,-1.0643318731195037,-0.9540428142157911,0,0.62
301,0.22403705687697487,0.13298698020033214,-0.9751676135295988,-0.8828174739875165,-0.5235128319002437,0.3038028224575894,0,0.66
302,0.4899038174113575,-0.36077656014743154,-0.9751676135295988,-0.37777315248436066,-0.5235128319002437,-0.20926579250129043,1,0.65
303,0.5785260709228184,-0.031600866582255735,-0.09979273603444719,0.12727116901879515,0.017306209319016337,-0.04375978767584324,1,0.73
304,-0.30769646419179036,-0.19618871336484361,-0.9751676135295988,-0.8828174739875165,-1.605150914338764,-0.2423669934663787,0,0.62
305,0.4012815638998966,0.29757482698292004,-0.09979273603444719,0.12727116901879515,0.017306209319016337,0.37000522438776884,1,0.74
306,0.5785260709228184,0.46216267376550796,-0.09979273603444719,0.632315490521951,0.017306209319016337,0.8665232388641017,1,0.79
307,0.7557705779457401,0.7913383673306837,0.7755821414607045,0.632315490521951,0.5581252505382764,0.7010172340386573,1,0.8
308,-0.3963187177032513,0.13298698020033214,-0.09979273603444719,0.12727116901879515,-0.5235128319002437,-0.07686098864093444,0,0.69
309,-0.7508077317490948,0.46216267376550796,0.7755821414607045,0.12727116901879515,-0.5235128319002437,0.03899321473687742,0,0.7
310,0.31265931038843575,-0.5253644069300194,-0.09979273603444719,-0.37777315248436066,0.017306209319016337,0.27070162149250115,1,0.76
311,1.0216373384801227,0.13298698020033214,0.7755821414607045,1.137359812025107,0.5581252505382764,0.9989280427244576,1,0.84
312,-0.48494097121471214,-0.031600866582255735,0.7755821414607045,1.137359812025107,1.0989442917575365,0.7010172340386573,1,0.78
313,-1.3711635063293208,-1.1837157940603709,-0.09979273603444719,0.12727116901879515,-0.5235128319002437,-0.8878404122856145,0,0.67
314,-1.0166744922834774,-0.36077656014743154,-0.9751676135295988,-0.37777315248436066,0.5581252505382764,-0.7388850079427114,0,0.66
315,-0.7508077317490948,-0.5253644069300194,-0.9751676135295988,-0.8828174739875165,-0.5235128319002437,-0.8381886108379791,0,0.65
316,-1.6370302668637036,-1.019127947277783,-0.9751676135295988,-1.8929061169938282,-1.605150914338764,-1.1857512209714132,0,0.54
317,-1.4597857598407817,-1.348303640842959,-1.8505424910247505,-2.397950438496984,-1.0643318731195037,-0.9374922137332469,0,0.58
318,0.6671483244342793,0.6267505205480959,-0.09979273603444719,-0.8828174739875165,-1.605150914338764,0.37000522438776884,1,0.79
319,0.9330150849686619,0.9559262141132716,0.7755821414607045,0.12727116901879515,-0.5235128319002437,0.18794861907977753,1,0.8
320,0.046792549854053116,-0.19618871336484361,-0.09979273603444719,0.632315490521951,0.017306209319016337,-0.12651279008856683,1,0.75
321,0.5785260709228184,-0.5253644069300194,-0.09979273603444719,0.632315490521951,0.5581252505382764,-0.22581639298383455,1,0.73
322,-0.2190742106803295,-0.031600866582255735,-0.9751676135295988,-0.8828174739875165,0.5581252505382764,-0.5071766011870906,0,0.72
323,-1.0166744922834774,-0.8545401004951951,-0.9751676135295988,-1.3878617954906725,-1.0643318731195037,-0.6561320055299907,0,0.62
324,-0.13045195716886865,-0.5253644069300194,-0.09979273603444719,-0.37777315248436066,-1.0643318731195037,-0.40787299829182294,0,0.67
325,0.844392831457201,1.4496897544610352,-0.09979273603444719,0.12727116901879515,0.5581252505382764,0.9327256407942811,1,0.81
326,-1.5484080133522427,-1.1837157940603709,-0.09979273603444719,-1.3878617954906725,-1.605150914338764,-0.9209416132507028,0,0.63
327,-1.902897027398086,-1.019127947277783,-0.9751676135295988,-0.8828174739875165,-1.605150914338764,-1.1857512209714132,0,0.69
328,0.6671483244342793,0.7913383673306837,0.7755821414607045,0.632315490521951,0.017306209319016337,0.3203534229401335,1,0.8
329,-1.7256525203751645,-1.8420671811907225,-0.9751676135295988,-0.8828174739875165,-2.145969955558024,-1.1360994195237808,0,0.43
330,0.9330150849686619,0.9559262141132716,-0.09979273603444719,0.12727116901879515,-0.5235128319002437,0.13829681763214516,1,0.8
331,-0.48494097121471214,-0.36077656014743154,-0.9751676135295988,-0.37777315248436066,-1.605150914338764,-0.7554356084252585,1,0.73
332,-0.7508077317490948,-0.19618871336484361,-0.09979273603444719,0.12727116901879515,-1.0643318731195037,-0.6064802040823555,1,0.75
333,0.22403705687697487,0.13298698020033214,-0.09979273603444719,-0.37777315248436066,0.017306209319016337,-0.06031038815839031,1,0.71
334,-0.3963187177032513,-0.031600866582255735,0.7755821414607045,1.137359812025107,0.5581252505382764,0.12174621714960102,1,0.73
335,0.7557705779457401,0.6267505205480959,0.7755821414607045,0.632315490521951,1.0989442917575365,0.8830738393466457,1,0.83
336,0.22403705687697487,0.46216267376550796,-0.09979273603444719,-0.37777315248436066,-1.0643318731195037,0.3534546239052218,0,0.72
337,1.3761263525259662,1.7788654480262112,1.6509570189558562,1.6424041335282626,1.6397633329767964,1.478895456718249,1,0.94
338,0.5785260709228184,0.13298698020033214,1.6509570189558562,0.632315490521951,0.5581252505382764,0.27070162149250115,1,0.81
339,0.6671483244342793,-0.031600866582255735,1.6509570189558562,0.12727116901879515,0.5581252505382764,0.13829681763214516,1,0.81
340,-0.3963187177032513,-0.031600866582255735,-0.09979273603444719,-0.37777315248436066,-0.5235128319002437,-0.19271519201874335,1,0.75
341,0.844392831457201,0.46216267376550796,-0.09979273603444719,0.12727116901879515,0.017306209319016337,0.3038028224575894,1,0.79
342,-0.7508077317490948,-0.19618871336484361,-0.09979273603444719,-0.37777315248436066,-0.5235128319002437,-0.5568284026347231,0,0.58
343,-1.0166744922834774,-0.6899522537126073,-0.9751676135295988,-0.8828174739875165,0.017306209319016337,-0.7388850079427114,0,0.59
344,-1.902897027398086,-1.8420671811907225,-0.9751676135295988,-1.8929061169938282,-1.605150914338764,-2.046382446063727,0,0.47
345,-0.04182970365740776,-1.5128914876255468,-1.8505424910247505,-1.8929061169938282,-1.605150914338764,-1.897427041720827,0,0.49
346,-1.1052967457949383,-1.6774793344081347,-0.9751676135295988,-1.8929061169938282,-1.605150914338764,-1.549864431587393,0,0.47
347,-1.5484080133522427,-2.1712428747558983,-1.8505424910247505,-2.397950438496984,-2.6867889967772838,-2.046382446063727,0,0.42
348,-1.2825412528178601,-1.348303640842959,-1.8505424910247505,-1.3878617954906725,-1.605150914338764,-2.195337850406627,0,0.57
349,-0.30769646419179036,-1.019127947277783,-0.09979273603444719,-0.8828174739875165,-0.5235128319002437,-0.8878404122856145,0,0.62
350,0.13541480336551398,-0.031600866582255735,-0.09979273603444719,-0.37777315248436066,0.017306209319016337,-0.5071766011870906,1,0.74
351,0.7557705779457401,0.46216267376550796,0.7755821414607045,0.12727116901879515,0.5581252505382764,0.15484741811468927,1,0.73
352,-1.1939189993063992,-1.1837157940603709,-0.9751676135295988,-0.37777315248436066,0.017306209319016337,-0.8547392113205233,1,0.64
353,-1.4597857598407817,-0.8545401004951951,-0.09979273603444719,0.12727116901879515,-1.0643318731195037,-0.6726826060125349,0,0.63
354,-1.7256525203751645,-1.5128914876255468,-0.9751676135295988,-0.8828174739875165,-0.5235128319002437,-1.5002126301397591,0,0.59
355,0.046792549854053116,-0.19618871336484361,-0.9751676135295988,-1.3878617954906725,0.017306209319016337,-0.7554356084252585,0,0.73
356,0.9330150849686619,0.29757482698292004,-0.09979273603444719,0.12727116901879515,0.5581252505382764,0.3203534229401335,1,0.79
357,-1.3711635063293208,-0.5253644069300194,-0.9751676135295988,0.12727116901879515,0.017306209319016337,-1.1360994195237808,1,0.68
358,-0.2190742106803295,-0.36077656014743154,-0.9751676135295988,-0.8828174739875165,-1.605150914338764,-1.549864431587393,0,0.7
359,0.4012815638998966,-0.031600866582255735,-0.9751676135295988,-1.3878617954906725,-2.145969955558024,-0.22581639298383455,0,0.81
360,0.4899038174113575,0.46216267376550796,-0.09979273603444719,0.632315490521951,1.6397633329767964,0.10519561666705689,1,0.85
361,1.553370859548888,1.4496897544610352,0.7755821414607045,0.632315490521951,0.017306209319016337,1.594749660096058,1,0.93
362,1.9078598735947314,1.2851019076784473,1.6509570189558562,1.137359812025107,1.6397633329767964,1.0816810451371812,1,0.91
363,-0.9280522387720165,-0.6899522537126073,-0.9751676135295988,-0.8828174739875165,-0.5235128319002437,-0.35822119684419057,0,0.69
364,-0.30769646419179036,-0.8545401004951951,-0.09979273603444719,0.12727116901879515,0.5581252505382764,0.5355112292132131,1,0.77
365,1.1988818455030446,1.1205140608958595,0.7755821414607045,1.137359812025107,-0.5235128319002437,0.9823774422419135,1,0.86
366,0.31265931038843575,-0.5253644069300194,-0.09979273603444719,0.12727116901879515,1.0989442917575365,-0.3913223978092788,1,0.74
367,-0.48494097121471214,-1.5128914876255468,-1.8505424910247505,-2.397950438496984,-1.0643318731195037,-1.8477752402731933,0,0.57
368,-1.6370302668637036,-2.500418568321074,-1.8505424910247505,-1.3878617954906725,-1.605150914338764,-1.152650020006325,0,0.51
369,-1.3711635063293208,-1.5128914876255468,-1.8505424910247505,-1.3878617954906725,-0.5235128319002437,-0.9043910127681586,1,0.67
370,-0.573563224726173,-0.6899522537126073,-0.9751676135295988,-0.8828174739875165,-1.0643318731195037,-0.5568284026347231,0,0.72
371,0.6671483244342793,0.46216267376550796,-0.09979273603444719,0.12727116901879515,-0.5235128319002437,1.065130444654637,1,0.89
372,1.7306153665718098,1.943453294808799,0.7755821414607045,1.137359812025107,0.5581252505382764,1.727154463956414,1,0.95
373,0.4012815638998966,0.29757482698292004,-0.09979273603444719,-0.37777315248436066,-0.5235128319002437,-0.06031038815839031,1,0.79
374,-0.13045195716886865,-0.36077656014743154,-0.9751676135295988,-1.3878617954906725,-1.0643318731195037,-1.5333138311048473,0,0.39
375,-1.1052967457949383,-1.019127947277783,-0.9751676135295988,-1.3878617954906725,-1.0643318731195037,-1.5167632306223033,0,0.38
376,-1.7256525203751645,-1.8420671811907225,-0.9751676135295988,-0.8828174739875165,-1.605150914338764,-1.897427041720827,0,0.34
377,-2.3460082949553906,-1.1837157940603709,-1.8505424910247505,-1.8929061169938282,-1.605150914338764,-1.6822692354477489,0,0.47
378,-1.1939189993063992,-1.5128914876255468,-1.8505424910247505,-1.3878617954906725,-1.0643318731195037,-1.5333138311048473,0,0.56
379,-0.48494097121471214,-1.348303640842959,-1.8505424910247505,-0.8828174739875165,-0.5235128319002437,-0.2423669934663787,1,0.71
380,0.4899038174113575,-0.5253644069300194,-0.09979273603444719,0.12727116901879515,0.5581252505382764,0.4362076263179454,1,0.78
381,0.22403705687697487,-0.36077656014743154,-0.09979273603444719,-0.37777315248436066,0.017306209319016337,0.15484741811468927,1,0.73
382,0.6671483244342793,0.46216267376550796,0.7755821414607045,1.137359812025107,0.5581252505382764,0.9492762412768252,1,0.82
383,-1.4597857598407817,-1.1837157940603709,-0.09979273603444719,-0.37777315248436066,0.017306209319016337,-0.5237272016696348,0,0.62
384,2.0851043806176532,0.9559262141132716,0.7755821414607045,1.6424041335282626,1.6397633329767964,1.9257616697469495,1,0.96
385,1.641993113060349,1.614277601243623,1.6509570189558562,1.6424041335282626,1.6397633329767964,2.0581664736073053,1,0.96
386,-1.2825412528178601,-1.019127947277783,-0.9751676135295988,-0.8828174739875165,0.017306209319016337,-1.020245216145969,0,0.46
387,-0.8394299852605557,-0.36077656014743154,-0.9751676135295988,-1.3878617954906725,0.017306209319016337,-0.7885368093903468,0,0.53
388,-1.8142747738866254,-1.6774793344081347,-0.9751676135295988,-1.8929061169938282,-1.605150914338764,-1.285054823866681,0,0.49
389,0.31265931038843575,0.13298698020033214,-0.09979273603444719,0.12727116901879515,0.5581252505382764,-0.22581639298383455,1,0.76
390,-0.2190742106803295,-0.8545401004951951,-0.9751676135295988,-1.3878617954906725,-1.0643318731195037,-0.5568284026347231,0,0.64
391,0.13541480336551398,-0.19618871336484361,-0.09979273603444719,-1.3878617954906725,-0.5235128319002437,0.12174621714960102,0,0.71
392,0.844392831457201,0.7913383673306837,0.7755821414607045,0.632315490521951,0.017306209319016337,0.8996244398291898,1,0.84
393,0.046792549854053116,-0.5253644069300194,-0.9751676135295988,-0.37777315248436066,-0.5235128319002437,0.3038028224575894,0,0.77
394,1.1102595919915836,0.6267505205480959,0.7755821414607045,1.137359812025107,0.5581252505382764,1.0816810451371812,1,0.89
395,0.6671483244342793,0.46216267376550796,-0.09979273603444719,0.12727116901879515,0.017306209319016337,0.7672196359688339,1,0.82
396,0.7557705779457401,-0.031600866582255735,-0.09979273603444719,-0.37777315248436066,0.017306209319016337,0.8830738393466457,1,0.84
397,1.1988818455030446,1.4496897544610352,0.7755821414607045,1.6424041335282626,1.0989442917575365,1.445794255753158,1,0.91
398,-0.3963187177032513,-0.6899522537126073,-0.09979273603444719,0.12727116901879515,0.5581252505382764,0.33690402342267767,0,0.67
399,1.464748606037427,1.614277601243623,0.7755821414607045,1.6424041335282626,0.5581252505382764,1.7933568658865935,1,0.95
400,-1.1052967457949383,-1.1837157940603709,-0.9751676135295988,0.12727116901879515,-0.5235128319002437,-0.5899296035998113,0,0.63
401,-0.13045195716886865,-0.36077656014743154,-0.9751676135295988,-0.37777315248436066,-0.5235128319002437,-0.3913223978092788,0,0.66
402,0.6671483244342793,0.29757482698292004,-0.09979273603444719,0.12727116901879515,-0.5235128319002437,0.6017136311433896,1,0.78
403,1.1988818455030446,1.4496897544610352,0.7755821414607045,0.632315490521951,0.017306209319016337,1.0816810451371812,1,0.91
404,-0.48494097121471214,-1.019127947277783,-0.09979273603444719,-1.3878617954906725,-1.0643318731195037,-1.549864431587393,1,0.62
405,-1.2825412528178601,-1.348303640842959,-0.09979273603444719,-0.8828174739875165,-0.5235128319002437,-1.8643258407557373,0,0.52
406,0.4899038174113575,-0.6899522537126073,0.7755821414607045,-0.37777315248436066,-1.0643318731195037,-0.9209416132507028,1,0.61
407,-1.6370302668637036,-1.1837157940603709,-0.09979273603444719,-0.8828174739875165,0.5581252505382764,-1.0367958166285132,1,0.58
408,-1.7256525203751645,-1.019127947277783,-0.09979273603444719,-1.3878617954906725,0.5581252505382764,-1.5002126301397591,1,0.57
409,-1.4597857598407817,-1.5128914876255468,-1.8505424910247505,-1.3878617954906725,-1.0643318731195037,-0.9209416132507028,0,0.61
410,-1.3711635063293208,-1.8420671811907225,-1.8505424910247505,-0.37777315248436066,0.5581252505382764,-1.6822692354477489,0,0.54
411,-0.30769646419179036,-2.1712428747558983,-0.9751676135295988,-0.8828174739875165,-2.145969955558024,-0.7388850079427114,0,0.56
412,-0.2190742106803295,-0.8545401004951951,0.7755821414607045,-0.8828174739875165,-1.605150914338764,-1.152650020006325,1,0.59
413,0.046792549854053116,-1.019127947277783,-0.09979273603444719,-0.37777315248436066,-1.605150914338764,-1.0533464171110574,1,0.49
414,0.4012815638998966,0.46216267376550796,0.7755821414607045,0.12727116901879515,0.5581252505382764,-0.37477179732673466,1,0.72
415,0.9330150849686619,-0.19618871336484361,0.7755821414607045,0.632315490521951,1.0989442917575365,0.28725222197504524,1,0.76
416,-0.13045195716886865,-0.5253644069300194,-0.09979273603444719,0.632315490521951,-1.0643318731195037,-0.7885368093903468,0,0.65
417,-0.04182970365740776,-0.6899522537126073,-0.09979273603444719,0.12727116901879515,-1.605150914338764,-1.483662029657215,0,0.52
418,-0.6621854782376339,0.6267505205480959,-0.9751676135295988,-0.8828174739875165,0.5581252505382764,-0.9043910127681586,0,0.6
419,-0.7508077317490948,-0.8545401004951951,-0.9751676135295988,-1.3878617954906725,0.017306209319016337,-0.9871440151808792,1,0.58
420,-1.5484080133522427,-1.1837157940603709,-0.09979273603444719,-1.3878617954906725,-0.5235128319002437,-1.9139776422033712,0,0.42
421,0.4012815638998966,0.7913383673306837,-0.09979273603444719,-0.37777315248436066,1.0989442917575365,0.6182642316259338,1,0.77
422,0.4899038174113575,0.7913383673306837,0.7755821414607045,0.12727116901879515,-1.0643318731195037,0.7341184350037456,1,0.73
423,1.553370859548888,1.943453294808799,1.6509570189558562,1.137359812025107,1.6397633329767964,1.594749660096058,1,0.94
424,0.7557705779457401,1.1205140608958595,1.6509570189558562,0.632315490521951,1.6397633329767964,1.462344856235705,1,0.91
425,0.5785260709228184,0.6267505205480959,1.6509570189558562,0.632315490521951,1.6397633329767964,2.124368875537482,1,0.92
426,-0.3963187177032513,-0.19618871336484361,-0.09979273603444719,-0.37777315248436066,1.6397633329767964,-0.010658586710754975,0,0.71
427,-0.573563224726173,-1.019127947277783,-0.09979273603444719,0.12727116901879515,1.6397633329767964,0.12174621714960102,1,0.71
428,-0.04182970365740776,-0.6899522537126073,-0.9751676135295988,-1.3878617954906725,1.0989442917575365,0.27070162149250115,0,0.69
429,2.0851043806176532,1.2851019076784473,1.6509570189558562,1.6424041335282626,1.0989442917575365,0.8003208369339251,1,0.95
430,-0.48494097121471214,-0.5253644069300194,-0.09979273603444719,0.632315490521951,0.017306209319016337,-0.7388850079427114,1,0.74
431,0.31265931038843575,0.7913383673306837,-0.9751676135295988,0.12727116901879515,0.017306209319016337,0.33690402342267767,1,0.73
432,0.6671483244342793,0.7913383673306837,0.7755821414607045,1.137359812025107,0.5581252505382764,1.065130444654637,1,0.86
433,-0.04182970365740776,0.6267505205480959,0.7755821414607045,0.632315490521951,1.6397633329767964,-0.06031038815839031,0,0.71
434,-0.9280522387720165,-0.6899522537126073,-0.09979273603444719,0.12727116901879515,-0.5235128319002437,-0.6064802040823555,0,0.64
435,-0.6621854782376339,-0.36077656014743154,-0.9751676135295988,-0.8828174739875165,0.5581252505382764,-1.483662029657215,0,0.55
436,-0.573563224726173,0.46216267376550796,-1.8505424910247505,-1.8929061169938282,0.5581252505382764,-2.2284390513717156,1,0.58
437,0.046792549854053116,-0.19618871336484361,-1.8505424910247505,-1.8929061169938282,0.017306209319016337,-1.5333138311048473,1,0.61
438,0.13541480336551398,0.46216267376550796,-1.8505424910247505,-0.8828174739875165,0.017306209319016337,-0.06031038815839031,1,0.67
439,-0.3963187177032513,-0.36077656014743154,-0.9751676135295988,-1.8929061169938282,-0.5235128319002437,-0.19271519201874335,0,0.66
440,-1.0166744922834774,-0.5253644069300194,-0.9751676135295988,-0.8828174739875165,-2.145969955558024,-1.3016054243492252,0,0.53
441,1.3761263525259662,0.7913383673306837,-1.8505424910247505,-1.8929061169938282,-0.5235128319002437,0.13829681763214516,1,0.79
442,1.2875040990145055,1.4496897544610352,0.7755821414607045,1.137359812025107,1.0989442917575365,1.4292436552706138,1,0.92
443,0.4012815638998966,1.1205140608958595,1.6509570189558562,1.137359812025107,1.0989442917575365,0.9658268417593694,1,0.87
444,0.6671483244342793,0.9559262141132716,1.6509570189558562,0.632315490521951,1.6397633329767964,1.1147822461022694,1,0.92
445,1.0216373384801227,1.4496897544610352,1.6509570189558562,1.137359812025107,1.6397633329767964,0.8334220378990134,1,0.91
446,0.9330150849686619,1.7788654480262112,0.7755821414607045,1.6424041335282626,1.6397633329767964,1.8099074663691377,1,0.93
447,0.31265931038843575,0.13298698020033214,-0.09979273603444719,0.12727116901879515,1.6397633329767964,0.651365432591025,1,0.84
448,-0.3963187177032513,0.29757482698292004,-0.9751676135295988,-0.8828174739875165,0.5581252505382764,0.7341184350037456,0,0.8
449,-0.13045195716886865,-1.019127947277783,-0.09979273603444719,0.12727116901879515,1.0989442917575365,0.9161750403117369,0,0.79
450,0.31265931038843575,0.7913383673306837,0.7755821414607045,-0.37777315248436066,1.0989442917575365,0.46930882728303364,1,0.82
451,0.6671483244342793,0.9559262141132716,0.7755821414607045,1.137359812025107,1.0989442917575365,1.1147822461022694,1,0.89
452,1.0216373384801227,1.4496897544610352,0.7755821414607045,1.6424041335282626,0.017306209319016337,1.6940532629913259,1,0.93
453,0.22403705687697487,-0.6899522537126073,-0.09979273603444719,-0.8828174739875165,0.5581252505382764,0.3038028224575894,1,0.73
454,-0.573563224726173,-0.36077656014743154,-0.9751676135295988,-0.37777315248436066,0.017306209319016337,-0.9374922137332469,0,0.71
455,-1.0166744922834774,-0.8545401004951951,-0.9751676135295988,-1.8929061169938282,-1.0643318731195037,-1.549864431587393,0,0.59
456,-1.5484080133522427,-1.1837157940603709,-0.9751676135295988,-1.3878617954906725,-1.605150914338764,-1.152650020006325,0,0.51
457,-1.902897027398086,-1.348303640842959,-1.8505424910247505,-1.3878617954906725,-2.145969955558024,-1.6657186349652033,0,0.37
458,-0.3963187177032513,-1.1837157940603709,-1.8505424910247505,-0.37777315248436066,-0.5235128319002437,-0.07686098864093444,1,0.69
459,1.1102595919915836,0.9559262141132716,0.7755821414607045,0.632315490521951,0.017306209319016337,1.2968388514102578,1,0.89
460,0.22403705687697487,-0.36077656014743154,0.7755821414607045,0.632315490521951,1.0989442917575365,0.13829681763214516,1,0.77
461,-1.3711635063293208,-0.8545401004951951,-0.09979273603444719,-0.8828174739875165,-1.605150914338764,-0.7388850079427114,1,0.68
462,-0.8394299852605557,-0.36077656014743154,0.7755821414607045,-0.37777315248436066,-0.5235128319002437,-1.0533464171110574,0,0.62
463,-1.1052967457949383,-0.031600866582255735,-0.09979273603444719,0.12727116901879515,-0.5235128319002437,-1.1857512209714132,0,0.57
464,-1.6370302668637036,-1.6774793344081347,-0.9751676135295988,-1.3878617954906725,-0.5235128319002437,-2.2615402523368053,0,0.45
465,-1.0166744922834774,-1.8420671811907225,0.7755821414607045,-0.37777315248436066,1.0989442917575365,-0.5237272016696348,0,0.54
466,-0.2190742106803295,-1.348303640842959,0.7755821414607045,0.12727116901879515,1.0989442917575365,0.254151021009957,1,0.71
467,0.13541480336551398,-1.019127947277783,1.6509570189558562,0.12727116901879515,1.6397633329767964,0.33690402342267767,1,0.78
468,0.5785260709228184,0.46216267376550796,0.7755821414607045,0.632315490521951,1.6397633329767964,0.5024100282481249,1,0.81
469,0.844392831457201,1.1205140608958595,0.7755821414607045,0.632315490521951,0.017306209319016337,0.9658268417593694,1,0.86
470,0.31265931038843575,0.46216267376550796,1.6509570189558562,0.632315490521951,0.5581252505382764,1.1478834470673578,1,0.87
471,-0.48494097121471214,-0.6899522537126073,-0.09979273603444719,-1.3878617954906725,0.5581252505382764,-0.805087409872891,0,0.64
472,0.9330150849686619,1.4496897544610352,0.7755821414607045,0.632315490521951,1.0989442917575365,1.4954460572007933,1,0.9
473,-0.04182970365740776,-0.8545401004951951,-0.9751676135295988,0.632315490521951,0.017306209319016337,-0.7057838069776232,0,0.67
474,-0.7508077317490948,-0.36077656014743154,0.7755821414607045,-0.37777315248436066,-1.0643318731195037,-1.0367958166285132,1,0.67
475,-1.4597857598407817,-1.019127947277783,-0.09979273603444719,0.12727116901879515,-1.0643318731195037,-1.152650020006325,0,0.59
476,-1.1052967457949383,-0.5253644069300194,-0.09979273603444719,-0.8828174739875165,-1.605150914338764,-0.7554356084252585,0,0.62
477,-0.6621854782376339,-0.36077656014743154,0.7755821414607045,0.12727116901879515,-1.605150914338764,-0.6561320055299907,0,0.65
478,0.13541480336551398,-0.6899522537126073,-0.09979273603444719,0.632315490521951,1.0989442917575365,-0.14306339057111098,1,0.71
479,0.7557705779457401,0.46216267376550796,0.7755821414607045,1.137359812025107,0.5581252505382764,0.6348148321084809,1,0.79
480,0.4012815638998966,-0.8545401004951951,-0.09979273603444719,0.12727116901879515,0.5581252505382764,0.7175678345212015,1,0.8
481,0.5785260709228184,-0.031600866582255735,0.7755821414607045,-0.37777315248436066,-1.0643318731195037,-0.1596139910536551,1,0.78
482,1.0216373384801227,0.9559262141132716,0.7755821414607045,0.632315490521951,-1.0643318731195037,0.3203534229401335,1,0.83
483,-1.1052967457949383,-0.6899522537126073,1.6509570189558562,1.6424041335282626,-0.5235128319002437,-1.086447618076147,0,0.71
484,0.046792549854053116,-0.19618871336484361,-0.09979273603444719,0.12727116901879515,-0.5235128319002437,-1.1360994195237808,1,0.73
485,-0.48494097121471214,-1.019127947277783,-0.9751676135295988,-0.8828174739875165,0.017306209319016337,-0.3913223978092788,1,0.7
486,0.22403705687697487,-0.8545401004951951,-0.09979273603444719,-0.8828174739875165,-1.0643318731195037,-0.34167059636164643,0,0.68
487,0.9330150849686619,1.2851019076784473,0.7755821414607045,0.12727116901879515,0.5581252505382764,0.9327256407942811,0,0.79
488,0.4899038174113575,0.7913383673306837,-0.09979273603444719,-0.37777315248436066,0.5581252505382764,0.07209441570196568,1,0.76
489,-1.2825412528178601,0.46216267376550796,-0.09979273603444719,0.632315490521951,1.0989442917575365,-0.12651279008856683,0,0.65
490,-0.8394299852605557,-0.36077656014743154,-0.9751676135295988,-0.8828174739875165,1.0989442917575365,-0.7554356084252585,1,0.67
491,-1.7256525203751645,-1.348303640842959,0.7755821414607045,-0.37777315248436066,0.017306209319016337,-1.2685042233841368,0,0.54
492,-1.6370302668637036,-1.019127947277783,0.7755821414607045,-0.8828174739875165,1.0989442917575365,-1.4671114291746694,1,0.53
493,-1.4597857598407817,-2.00665502797331,-0.9751676135295988,-0.37777315248436066,-2.145969955558024,-0.5899296035998113,1,0.62
494,-1.3711635063293208,-1.348303640842959,-0.09979273603444719,-0.8828174739875165,-1.605150914338764,-0.20926579250129043,1,0.68
495,1.3761263525259662,0.13298698020033214,1.6509570189558562,1.137359812025107,0.5581252505382764,0.7341184350037456,1,0.87
496,1.8192376200832707,1.614277601243623,1.6509570189558562,1.6424041335282626,1.6397633329767964,2.1409194760200263,1,0.96
497,1.1988818455030446,2.1080411415913867,1.6509570189558562,1.137359812025107,1.6397633329767964,1.6278508610611493,1,0.93
498,-0.3963187177032513,-0.6899522537126073,0.7755821414607045,0.632315490521951,1.6397633329767964,-0.2423669934663787,0,0.73
499,0.9330150849686619,0.9559262141132716,0.7755821414607045,1.137359812025107,1.0989442917575365,0.7672196359688339,0,0.84
